Hospital,Accepted Insurances,Website,Chcked
Adventist Health Simi Valley ,"['Aetna', 'Anthem Blue', 'Blue Shield', 'CIGNA', 'Health Net', 'Kaiser', 'United HealthCare']",https://www.adventisthealth.org/simi-valley/patient-resources/accepted-insurance/,
Downey Medical Center,['Kaiser'],https://thrive.kaiserpermanente.org/care-near-you/southern-california/downey/locations/downey-medical-center/,
MarinHealth Medical Center,"['Aetna', 'Anthem Blue', 'Blue Shield', 'CIGNA', 'United HealthCare']",https://www.mymarinhealth.org/patients-visitors/medical-network-patients/accepted-healthcare-plans/,
Providence Saint John's Health Center,"['Aetna', 'Anthem Blue', 'Blue Shield', 'CIGNA', 'Health Net', 'Kaiser', 'United HealthCare']",https://www.providence.org/locations/saint-johns-health-center/patients-and-visitors/accepted-insurance,
Woodland Hills Medical Center,['Kaiser'],https://thrive.kaiserpermanente.org/care-experience?WT.srch=1&WT.mc_id=&WT.seg_1=PF-4-s%7cdc-zzzthrivezzz-pcrid-479815601922-%2Bmedical%20%2Bcenter-b-slid--112692386149-kwd-21557238645-EAIaIQobChMIpt_D0djl8AIVaR-tBh1FxA8jEAAYASABEgKkTPD_BwE&utm_source=google&utm_term=%2Bmedical%20%2Bcenter&utm_campaign=KP_BND_THRV_GGL_NCAL_NON_N1_COR_N2_NBPK_N3_BMM_N4_Care&utm_medium=cpc&utm_content=s_pcrid_479815601922_pkw_%2Bmedical%20%2Bcenter_pmt_b_pdv_c_slid__pgrid_112692386149_ptaid_kwd-21557238645&publisher=google&account=KP_GGL_LA_THRV_NCAL_Standard&campaign=KP_BND_THRV_GGL_NCAL_NON_N1_COR_N2_NBPK_N3_BMM_N4_Care&group=112692386149&creative=479815601922&keyword=%2Bmedical%20%2Bcenter&gclid=EAIaIQobChMIpt_D0djl8AIVaR-tBh1FxA8jEAAYASABEgKkTPD_BwE&gclsrc=aw.ds,x
60th Medical Group - David Grant USAF Medical Center,['Tricare'],https://health.mil/Military-Health-Topics/Access-Cost-Quality-and-Safety/Patient-Portal-for-MHS-Quality-Patient-Safety-and-Access-Information/See-How-Were-Doing/Air-Force/AF-MC-60TH-MED-GRP-TRAVIS?DmisId=0014,x
Adventist Health and Rideout,['Kaiser'],https://www.adventisthealth.org/rideout/affordable-care-act/,
Adventist Health Bakersfield ,[],https://www.adventisthealth.org/bakersfield/patient-resources/financial-services/insurance/,
Adventist Health Delano,N/A,N/A,
Adventist Health Glendale,"['Aetna', 'Anthem Blue', 'Blue Shield', 'CIGNA', 'Health Net', 'Kaiser', 'United HealthCare']",https://www.adventisthealth.org/simi-valley/patient-resources/accepted-insurance/,
Adventist Health Hanford,"['Aetna', 'Anthem Blue', 'Blue Shield', 'CIGNA', 'Health Net', 'Kaiser', 'United HealthCare']",https://www.adventisthealth.org/central-valley-patient-resources/insurance/,
Adventist Health Lodi Memorial ,"['Aetna', 'Anthem Blue', 'Blue Shield', 'CIGNA', 'Health Net']",https://www.adventisthealth.org/lodi-memorial/patient-resources/accepted-insurances/,
Adventist Health Reedley,"['Aetna', 'Anthem Blue', 'Blue Shield', 'CIGNA', 'Health Net', 'Kaiser', 'United HealthCare']",https://www.adventisthealth.org/central-valley-patient-resources/insurance/,
Adventist Health Saint Helena ,[],https://www.adventisthealth.org/st-helena/patient-resources/insurance/,
Adventist Health Selma,"['Aetna', 'Anthem Blue', 'Blue Shield', 'CIGNA', 'Health Net', 'Kaiser', 'United HealthCare']",https://www.adventisthealth.org/central-valley-patient-resources/insurance/,
Adventist Health Sonora,[],https://www.adventisthealth.org/sonora/patient-resources/insurance/,
Adventist Health Tulare,"['Aetna', 'Anthem Blue', 'Blue Shield', 'CIGNA', 'Health Net', 'Kaiser', 'United HealthCare']",https://www.adventisthealth.org/tulare/insurance/,
Adventist Health Ukiah Valley,[],https://www.adventisthealth.org/ukiah-valley/services/bariatrics/insurance-information/,
Adventist Health Vallejo,[],https://www.adventisthealth.org/vallejo/patient-resources/insurance/,
Adventist Health White Memorial,[],https://www.adventisthealth.org/white-memorial/community-information-center/health-care-enrollment/,
AHMC Anaheim Regional Medical Center,"['Aetna', 'Blue Shield', 'Health Net']",https://www.anaheimregionalmc.com/Patients-Visitors-Contractors/For-Patients/Health-Plans.aspx,
AHMC Seton Medical Center,N/A,https://setonmedicalcenter.com/patient-visitor-resources/admission/,x
AHMC Seton Medical Center Coastside,N/A,https://setonmedicalcenter.com/patient-visitor-resources/admission/,x
Alameda Hospital,"['Aetna', 'Anthem Blue', 'Blue Shield', 'CIGNA', 'Health Net', 'Kaiser']",http://www.alamedahealthsystem.org/health-plans/,
Alhambra Hospital Medical Center,N/A,https://www.alhambrahospital.com/,x
Alta Bates Summit Medical Center,"['Aetna', 'Anthem Blue', 'Blue Shield', 'CIGNA', 'Health Net', 'Sierra', 'Sutter Health']",https://www.sutterhealth.org/health-plan/hospital/alta-bates-summit-medical-center-summit-campus,
Alta Bates Summit Medical Center Herrick Campus,N/A,https://www.sutterhealth.org/health-plan/hospital/alta-bates-summit-medical-center-summit-campus,redo
Alta Bates Summit Medical Center Alta Bates Campus,"['Health Net', 'Sutter Health']",https://www.sutterhealth.org/find-location/facility/alta-bates-summit-medical-center-alta-bates-campus,
Alvarado Hospital Medical Center,"['Aetna', 'Anthem Blue', 'Blue Shield', 'CIGNA', 'Health Net', 'National Health', 'United HealthCare']",https://www.alvaradohospital.com/patients-visitors/accepted-insurance/,
Anaheim Global Medical Center,N/A,https://anaheimglobalmedicalcenter.com/about/,redo
Anaheim Medical Center ,"['Aetna', 'Blue Shield', 'Health Net']",https://www.anaheimregionalmc.com/Patients-Visitors-Contractors/For-Patients/Health-Plans.aspx,
Antelope Valley Hospital,N/A,https://www.avhospital.org/patients/billing-insurance-pricing/,x
Antioch Medical Center ,['Kaiser'],https://s.healthnwell.com/serp?q=Individual+Health+Plans&segment=healthnwell.g003&s1aid=6493012831&s1cid=11208005267&s1agid=107915033937&s1kid=kwd-295017028206&utm_source=adwords&gclid=EAIaIQobChMIjuaFm9rl8AIV0ACtBh39ewUoEAAYASABEgI_H_D_BwE,
Arrowhead Regional Medical Center,['United States'],https://www.arrowheadregional.org/patients-visitors/billing-insurance/,
Arroyo Grande Community Hospital,N/A,https://www.dignityhealth.org/central-coast/medical-group/phc/patient-resources/insurance-accepted,redo
Bakersfield Heart Hospital,"['Blue Shield', 'CIGNA', 'Cincinnati', 'Health Net', 'Metropolitan', 'New York']",https://doctor.webmd.com/practice/bakersfield-heart-hospital-b426e081-7a4a-e411-99e8-001f29e3eb44-insurance,
Bakersfield Memorial Hospital,"['Aetna', 'Blue Shield', 'CIGNA', 'Guardian', 'Health Net', 'John Hancock', 'Kaiser', 'Omaha', 'State Farm']",https://www.dignityhealth.org/central-california/locations/memorial-hospital/patients-and-visitors/for-patients/billing-information/insurance-accepted,
Baldwin Park Medical Center,['Kaiser'],https://healthy.kaiserpermanente.org/southern-california/facilities/baldwin-park-medical-center-100167,
Barstow Community Hospital,N/A,https://www.barstowhospital.com/barstow-community-hospital/insuranceacceptedplans,x
Barton Memorial Hospital,N/A,https://www.bartonhealth.org/tahoe/bill-pay.aspx,x
Beverly Hospital,N/A,https://www.beverlyhospital.org/locations--services/patients--visitors'-guide/insurance-assistance--information/insurance-primer/health-plans,redo
California Hospital Medical Center,N/A,https://www.dignityhealth.org/socal/medical-group/dhmn-inland-empire/patient-resources/insurance-accepted,redo
California Mens Colony Hospital,[],https://www.cdcr.ca.gov/facility-locator/cmc/,
Casa Colina Hospital and Centers for Healthcare,"['Aetna', 'Anthem Blue', 'Blue Shield', 'CIGNA', 'Health Net', 'Kaiser', 'Liberty Mutual', 'United HealthCare']",https://www.casacolina.org/About-Casa-Colina/Referrals-Admissions/Your-Insurance-Provider.aspx,
Cedars-Sinai Medical Center,[],https://www.cedars-sinai.org/locations.html?s_kwid=&&origin=sitelink&gclid=EAIaIQobChMIvJub7trl8AIVyz6tBh3fzg5REAAYASABEgJc1fD_BwE&gclsrc=aw.ds,
Centinela Hospital Medical Center,[],https://www.centinelamed.com/patients-visitors/health-plans-accepted/,
CHA Hollywood Presbyterian Medical Center,[],https://www.hollywoodpresbyterian.com/billing-and-financial-services/,
Chapman Global Medical Center,[],https://chapmanglobalmedicalcenter.com/,
Chinese Hospital,[],https://www.healthforcalifornia.com/apply-for-health-insurance?gclid=eaiaiqobchmixtbxinvl8aivkbitbh1opwudeaayasabegilfpd_bwe,
Chino Valley Medical Center,[],https://www.cvmc.com/patients-visitors/covered-california/,
City of Hope Comprehensive Cancer Center,"['Kaiser', 'United HealthCare']",https://www.google.com/search?q=City+of+Hope+Comprehensive+Cancer+Center+insurance&source=hp&ei=aWOtYLOUHKee0PEP-cWPyA8&iflsig=AINFCbYAAAAAYK1xeQrr0xzCZ9OmTCCQC8ibf0SzzTCs&oq=City+of+Hope+Comprehensive+Cancer+Center+insurance&gs_lcp=Cgdnd3Mtd2l6EANQ5wFYywNg9ANoAHAAeACAAQCIAQCSAQCYAQCgAQGqAQdnd3Mtd2l6&sclient=gws-wiz&ved=0ahUKEwjz7J-R2-XwAhUnDzQIHfniA_kQ4dUDCAk&uact=5,
Clovis Community Medical Center,[],https://www.communitymedical.org/for-patients-families/billing-and-insurance/ways-to-pay-your-bill,
Coast Plaza Hospital,[],https://www.coastplazahospital.com/for-patients/insurance-financials/,
College Hospital Costa Mesa,[],https://www.chc.la/index.php?q=cosAdmissions,
College Medical Center,"['Aetna', 'CIGNA', 'Kaiser', 'United States']",https://www.healthplans.com/obamacare-FAQ.html?_ci=28106787&_ai=935422&_d=c;CQ0-3n1teJDpzIT3DJe2Z3Of47CyGNrRs9eC15gBCfND4o_E9s53QlTnZGWGZGnl4_PCyRIA&gclid=EAIaIQobChMInOPeq9vl8AIV9AytBh0EbQZQEAAYASABEgIAuvD_BwE,
Colusa Medical Center,[],https://colusamedicalcenter.org/,
Community Hospital Long Beach,"['Aetna', 'Anthem Blue', 'Blue Shield', 'CIGNA', 'Health Net']",https://www.memorialcare.org/patients-visitors/health-insurance-plans,
Community Hospital of Huntington Park,[],https://www.communityhospitalhp.com/for-patients/insurance-information/,
Community Hospital of San Bernardino,['Aetna'],https://www.dignityhealth.org/socal/locations/san-bernardino/patients-and-visitors/for-patients/billing-payment-financial-services,
Community Hospital of the Monterey Peninsula,"['Aetna', 'Anthem Blue', 'Blue Shield', 'CIGNA', 'Health Net', 'United HealthCare']",https://www.chomp.org/patients-visitors/patient/billing-insurance/insurance-we-accept/#.YK1j66hKguU,
Community Memorial Hospital,"['Aetna', 'CIGNA', 'National Health', 'United HealthCare']",http://www.cmhosp.com/patients-visitors/billing-insurance/insurance-plans/,
Community Regional Medical Center,[],https://www.communitymedical.org/for-patients-families/billing-and-insurance,
Concord Medical Center,"['Aetna', 'Anthem Blue', 'Blue Shield', 'CIGNA', 'Health Net']",https://www.concordhospital.org/patients-visitors/billing-insurance-financial-assistance/finding-using-health-insurance/,
Contra Costa Regional Medical Center,['Kaiser'],https://www.medigap.com/quotes/medicare-advantage?subid=1AA12&placement=kwd-23705611&network=g&keyword=medicare%20insurance&gclid=EAIaIQobChMIxpGa49vl8AIVmz6tBh1pxAhGEAAYASABEgJ_yvD_BwE,
Corona Regional Medical Center,"['Aetna', 'Blue Shield', 'CIGNA', 'Health Net', 'United HealthCare']",https://www.coronaregional.com/patients-visitors/patient-information/your-insurance,
CPMC Davies Campus,"['Aetna', 'Anthem Blue', 'Blue Shield', 'CIGNA', 'Health Net', 'Sierra', 'Sutter Health']",https://www.sutterhealth.org/health-plan/hospital/california-pacific-medical-center,
CPMC Mission Bernal Campus,"['Health Net', 'Sutter Health']",https://www.sutterhealth.org/for-patients/mission-bernal-cpmc,
CPMC Van Ness Campus,"['Health Net', 'Sutter Health']",https://www.sutterhealth.org/find-location/facility/cpmc-van-ness-campus,
Dameron Hospital,"['Aetna', 'Blue Shield', 'CIGNA', 'Health Net', 'Kaiser', 'United HealthCare']",https://www.dameronhospital.org/patients-visitors/accepted-insurances/,
Desert Regional Medical Center,"['Aetna', 'Blue Shield', 'CIGNA', 'Health Net', 'Kaiser', 'National Health']",https://www.desertcarenetwork.com/patients/insurances-accepted,
Desert Valley Hospital,"['Aetna', 'Blue Shield', 'Health Net']",https://www.desertvalleymedicalgroup.com/health-plans/,
Dignity Health - St. Mary Medical Center,"['Aetna', 'Anthem Blue', 'Blue Shield', 'Health Net', 'United HealthCare']",https://www.dignityhealth.org/bayarea/locations/stmarys/patients-and-visitors/for-patients/insurance-plans-accepted,
Docs Surgical Hospital,[],https://www.docshealth.com/docs-hospital/,
Doctors Hospital of Manteca,"['Aetna', 'Blue Shield', 'CIGNA', 'Health Net', 'United HealthCare']",https://www.doctorsmanteca.com/patients/insurances-accepted,
Doctors Medical Center of Modesto,"['Aetna', 'Blue Shield', 'CIGNA', 'Health Net', 'United HealthCare']",https://www.dmc-modesto.com/patients/insurances-accepted,
Dominican Hospital,"['Aetna', 'Anthem Blue', 'Blue Shield', 'Health Net', 'Sutter Health', 'United HealthCare']",https://www.healthplans.com/affordable-care-act-plans.html?_ci=28106787&_ai=935420&_d=c;CQ0-3n1teJDpzIT3DJe2Z3Of47CyGNrRs9eC15gBCfND4o_E9s53QlTnZGWGZGnl4_PCyRIA&gclid=EAIaIQobChMI5YiTp9zl8AIV8R6tBh2nmghaEAAYASABEgKeNPD_BwE,
East Los Angeles Doctors Hospital,[],https://www.eladoctorshospital.com/for-patients/insurance-information/,
Eden Medical Center,"['Aetna', 'Anthem Blue', 'Blue Shield', 'CIGNA', 'Health Net', 'Sierra', 'Sutter Health']",https://www.sutterhealth.org/health-plan/hospital/eden-medical-center,
Eisenhower Medical Center,"['Aetna', 'Anthem Blue', 'Blue Shield', 'CIGNA', 'Health Net', 'United HealthCare']",https://eisenhowerhealth.org/health-services/eisenhower-primary-care/eisenhower-primary-care/billing-and-insurance-/accepted-insurance-plans-by-eisenhower-primary-care/,
El Camino Hospital Los Gatos Campus,[],https://www.elcaminohealth.org/patients-visitors-guide/before-you-arrive/insurance,
El Camino Hospital Mountain View Campus,[],https://www.elcaminohealth.org/patients-visitors-guide/before-you-arrive/insurance,
El Centro Regional Medical Center,[],https://www.ecrmc.org/patients-visitors/patient-accounting/,
Emanate Health Foothill Presbyterian Hospital,"['Aetna', 'Anthem Blue', 'Blue Shield', 'CIGNA', 'Health Net', 'United HealthCare']",N/A,
Emanate Health Inter-Community Hospital,"['Aetna', 'Anthem Blue', 'Blue Shield', 'CIGNA', 'Health Net', 'United HealthCare']",https://www.emanatehealth.org/patients-visitors/insurance/,
Emanate Health Queen of the Valley Hospital,"['Aetna', 'Anthem Blue', 'Blue Shield', 'CIGNA', 'Health Net', 'United HealthCare']",https://www.emanatehealth.org/patients-visitors/insurance/,
Emanuel Medical Center,"['Aetna', 'Anthem Blue', 'Blue Shield', 'CIGNA', 'Health Net', 'United HealthCare']",https://www.emanuelmedicalcenter.org/patients/insurances-accepted,
Encino Hospital Medical Center,[],https://www.encinomed.org/for-patients-visitors/insurance/,
Encompass Health Rehabilitation Hospital of Murrieta,[],https://encompasshealth.com/locations/murrietarehab,
Enloe Medical Center,N/A,https://www.enloe.org/patient-family/billing-and-insurance/billing-insurance,
Fairmont Rehabilitation and Wellness,[],https://www.fairmontrehab.com/faq,
Fairview Developmental Center,['Mony'],https://www.dds.ca.gov/services/state-facilities/fairview-dc/,
Fontana Medical Center,"['Kaiser', 'Sierra']",https://healthy.kaiserpermanente.org/southern-california/facilities/fontana-medical-center-100127,
Foothill Regional Medical Center,"['Aetna', 'Anthem Blue', 'Blue Shield', 'CIGNA', 'Health Net', 'United HealthCare']",https://www.foothillregionalmedicalcenter.com/patients-and-visitors/accepted-insurance/,
Fountain Valley Regional Hospital and Medical Center,"['Aetna', 'Anthem Blue', 'Blue Shield', 'CIGNA', 'Health Net', 'Kaiser', 'United HealthCare']",https://www.fountainvalleyhospital.com/patients/insurances-accepted,
French Hospital Medical Center ,[],https://www.dignityhealth.org/central-coast/locations/frenchhospital/patients-and-visitors/for-patients/billing-information,
Fresno Heart & Surgical Hospital,[],https://www.communitymedical.org/hospitals-facilities/fresno-heart-surgical-hospital,
Fresno Medical Center,[],https://www.fresnomedicalcenter.org/get-directions-fresno-medical-center-ca?gclid=EAIaIQobChMI24WQtt3l8AIV8j2tBh2GbA7nEAAYASABEgLP5PD_BwE,
Fresno Surgical Hospital,"['Aetna', 'Blue Shield', 'CIGNA', 'Health Net', 'United HealthCare', 'United States']",https://fresnosurgicalhospital.com/patients-visitors/,
Garden Grove Hospital and Medical Center,[],https://www.gardengrovehospital.com/patients-visitors/financial-assistance/,
Garfield Medical Center,"['Aetna', 'Blue Shield', 'Health Net']",https://www.garfieldmedicalcenter.com/Patients-Visitors/Health-Plans.aspx,
Glendale Memorial Hospital & Health Center,[],https://www.dignityhealth.org/socal/locations/glendalememorial/patients-and-visitors/for-patients/billing-and-payment/frequently-asked-questions,
Goleta Valley Cottage Hospital,"['Aetna', 'Blue Shield', 'CIGNA', 'Health Net']",https://www.cottagehealth.org/billing/insurance-medicare-medi-cal/,
Good Samaritan Hospital,"['Aetna', 'Anthem Blue', 'Blue Shield', 'CIGNA', 'Health Net', 'United HealthCare']",https://goodsamsanjose.com/patients/accepted-insurance-plans.dot,
Good Samaritan Hospital North,"['Aetna', 'Anthem Blue', 'Blue Shield', 'CIGNA', 'Health Net', 'United HealthCare']",https://goodsamhealthsystem.com/patients/accepted-insurance-plans.dot,
Greater El Monte Community Hospital,['Mony'],https://www.greaterelmonte.com/Patients-Visitors/Financial-Resources.aspx,
Harbor-UCLA Medical Center,N/A,https://dhs.lacounty.gov/harbor-ucla-medical-center/health-coverage-options/,
Hemet Global Medical Center,[],http://hemetglobalmedcenter.com/billing-and-payments/,
Henry Mayo Newhall Memorial Hospital,"['Aetna', 'Anthem Blue', 'Blue Shield', 'CIGNA', 'Health Net', 'Sierra', 'United HealthCare']",https://www.henrymayo.com/patients-visitors/patient/billing-and-insurance/contracted-health-plans/,
Hi-Desert Medical Center,"['Aetna', 'Anthem Blue', 'Blue Shield', 'CIGNA', 'Health Net', 'United HealthCare']",http://hdmg.net/wordpress/services/insurance/,
Highland Hospital,"['Aetna', 'Anthem Blue', 'Blue Shield', 'CIGNA', 'Health Net', 'Kaiser']",http://www.alamedahealthsystem.org/health-plans/,
Hoag Hospital Irvine,"['Aetna', 'Blue Shield', 'CIGNA', 'Health Net', 'United HealthCare']",https://www.hoag.org/patients-visitors/health-insurance/,
Hoag Hospital Newport Beach,"['Aetna', 'Blue Shield', 'CIGNA', 'Health Net', 'United HealthCare']",https://www.hoag.org/patients-visitors/health-insurance/,
Hoag Orthopedic Institute,"['Aetna', 'Anthem Blue', 'Blue Shield', 'CIGNA', 'Health Net', 'Kaiser', 'United HealthCare']",https://www.hoagorthopedicinstitute.com/for-patients/billing-and-insurance/insurance/,
Huntington Beach Hospital,[],https://www.hbhospital.org/patients-visitors/financial-assistance/,
Huntington Hospital,"['Delaware', 'Kaiser', 'New York']",https://www.huntingtonhospital.org/patients/cost-of-care/accepted-health-plans/,
Inland Valley Medical Center,[],https://www.inlandvalleymedcenter.com/patients-visitors/health-insurance-marketplace,
Jacobs Medical Center at UC San Diego Health,"['Aetna', 'Anthem Blue', 'AXA ', 'Blue Shield', 'CIGNA', 'Health Net', 'Mony', 'National Health']",https://health.ucsd.edu/patients/billing/insurance/pages/default.aspx,
John F. Kennedy Memorial Hospital,"['Cincinnati', 'Metropolitan', 'New York']",https://www.desertcarenetwork.com/patients/insurances-accepted,
Kaiser Permanente Fremont Medical Center,['Kaiser'],https://healthy.kaiserpermanente.org/northern-california/facilities/fremont-medical-center-100367,
Kaiser Permanente Roseville Medical Center,"['Kaiser', 'Sierra']",https://healthy.kaiserpermanente.org/northern-california/facilities/roseville-medical-center-100331,
Kaiser Permanente Sacramento Medical Center,['Kaiser'],https://healthy.kaiserpermanente.org/northern-california/facilities/sacramento-medical-center-100330,
Kaiser Permanente San Diego Medical Center,N/A,N/A,
Kaiser Permanente San Francisco Medical Center,['Kaiser'],https://healthy.kaiserpermanente.org/northern-california/facilities/san-francisco-medical-center-100328,
Kaiser Permanente South San Francisco Medical Center ,['Kaiser'],https://healthy.kaiserpermanente.org/northern-california/facilities/south-san-francisco-medical-center-100319,
Kaiser Permanente Zion Medical Center,['Kaiser'],https://healthy.kaiserpermanente.org/southern-california/facilities/kaiser-permanente-zion-medical-center-100084,
Kaweah Delta Medical Center,['Guardian'],https://www.kaweahhealth.org/patients-visitors/for-patients/insurance-plans/,
Keck Hospital of USC,[],https://www.keckmedicine.org/billing-and-insurance/,
Kern Medical Center,[],https://www.kernmedical.com/medical-services/kern-medical-wellness-program/,
LA Downtown Medical Center Downtown Campus,"['Anthem Blue', 'Blue Shield', 'Health Net']",https://ladowntownmc.com/,
La Palma Intercommunity Hospital,[],https://www.lapalmaintercommunityhospital.com/patients-visitors/insurance-details/,
Laguna Honda Hospital and Rehabilitation Center,[],https://lagunahonda.org/Admission-Criteria,
Lakewood Regional Medical Center,"['Aetna', 'Blue Shield', 'CIGNA', 'Health Net', 'Kaiser', 'Prudential', 'United HealthCare']",https://www.lakewoodregional.com/patients/insurances-accepted,
Loma Linda University Children's Hospital,[],https://lluh.org/patients-visitors/patients/billing-insurance,
Loma Linda University Medical Center,[],https://lluh.org/patients-visitors/patients/billing-insurance,
Loma Linda University Medical Center - Murrieta,"['Aetna', 'Anthem Blue', 'Blue Shield', 'CIGNA', 'Health Net', 'Kaiser']",https://murrieta.lluh.org/patients-visitors/patients/billing-insurance/insurance-information,
Loma Linda University Medical Center East Campus,[],https://lluh.org/patients-visitors/patients/billing-insurance,
Loma Linda University Surgical Hospital ,[],https://lluh.org/patients-visitors/patients/billing-insurance,
Lompoc Valley Medical Center,[],https://lompocvmc.com/locations/ccc/accounts-billing-and-insurance,
Long Beach Medical Center,"['Aetna', 'Anthem Blue', 'Blue Shield', 'CIGNA', 'Health Net']",https://www.memorialcare.org/patients-visitors/health-insurance-plans,
Los Alamitos Medical Center,"['Aetna', 'Anthem Blue', 'Blue Shield', 'CIGNA', 'Health Net', 'United HealthCare']",https://www.losalamitosmedctr.com/patients/insurances-accepted,
Los Angeles Community Hospital,"['Aetna', 'Anthem Blue', 'Blue Shield', 'CIGNA', 'Health Net']",https://www.lach-la.com/patients-and-visitors/accepted-insurance/,
Los Angeles County and University of Southern California Medical Center,N/A,https://dhs.lacounty.gov/lacusc/,
Los Angeles Medical Center,N/A,N/A,
Los Robles Regional Medical Center,[],https://losrobleshospital.com/patients/accepted-insurance-plans.dot,
Mad River Community Hospital,[],https://madriverhospital.com/mad-river-home-health-services,
Madera Community Hospital,"['Aetna', 'CIGNA', 'Sierra']",https://www.maderahospital.org/careers/benefits/,
Manteca Medical Center ,"['Aetna', 'Blue Shield', 'CIGNA', 'Health Net', 'United HealthCare']",https://www.doctorsmanteca.com/patients/insurances-accepted,
Marian Regional Medical Center,"['Anthem Blue', 'Blue Shield']",https://www.dignityhealth.org/central-coast/locations/marianregional/patients-and-visitors/for-patients/billing-information,
Marina Del Rey Hospital,[],https://www.marinahospital.com/weight-loss/patient-process?s_kwid=&&origin=google-sitelink&gclid=EAIaIQobChMIlf6Zo-Dl8AIVUR-tBh3eSwFaEAAYASABEgKVsPD_BwE&gclsrc=aw.ds,
Marshall Medical Center,['Sierra'],https://www.marshallmedical.org/patients-visitors/patient-information/insurance-billing-information/,
"Martin Luther King, Jr. Community Hospital ","['Aetna', 'Anthem Blue', 'Blue Shield', 'Health Net', 'United HealthCare']",https://www.mlkch.org/health-insurance,
Memorial Hospital Los Banos,"['Health Net', 'Sutter Health']",https://www.sutterhealth.org/mhlb,
Memorial Hospital of Gardena,[],https://www.memorialhospitalgardena.com/for-patients/insurance-information/,
Memorial Medical Center,"['Aetna', 'Anthem Blue', 'Blue Shield', 'CIGNA', 'Health Net', 'Sierra', 'Sutter Health']",https://www.sutterhealth.org/health-plan/hospital/memorial-medical-center,
Menifee Global Medical Center,['Kaiser'],http://menifeeglobalmedicalcenter.com/,
Mercy General Hospital,"['Delaware', 'Kaiser', 'New York']",https://www.healthplans.com/?_ci=28106787&_ai=935426&_d=c;CQ0-3n1teJDpzIT3DJe2Z3Of47CyGNrRs9eC15gBCfND4o_E9s53QlTnZGWGZGnl4_PCyRIA&gclid=EAIaIQobChMIp7ip8LPl8AIVsyitBh1BQwIFEAAYASABEgIaXPD_BwE,
Mercy Hospital Downtown Bakersfield,[],https://services.dignityhealth.org/mercy-hospital-downtown-bakersfield/general-hospital/?ef_id=EAIaIQobChMI16yx-bPl8AIVtyCtBh2yZQ71EAAYASABEgKDDfD_BwE:G:s&s_kwcid=AL!12184!3!475033118846!b!!g!!%2Bmercy%20%2Bhospital!1660994867!64059525815&gclid=EAIaIQobChMI16yx-bPl8AIVtyCtBh2yZQ71EAAYASABEgKDDfD_BwE,
Mercy Hospital of Folsom,['Sierra'],https://www.dignityhealth.org/sacramento/locations/mercy-hospital-of-folsom,
Mercy Hospital Southwest,[],https://services.dignityhealth.org/mercy-hospital-southwest-bakersfield/general-hospital/?ef_id=EAIaIQobChMIo8mMi7Tl8AIVoQ2tBh1x1Q49EAAYASABEgKKWvD_BwE:G:s&s_kwcid=AL!12184!3!493306656885!b!!g!!%2Bmercy%20%2Bhospital!1660995047!64761057555&gclid=EAIaIQobChMIo8mMi7Tl8AIVoQ2tBh1x1Q49EAAYASABEgKKWvD_BwE,
Mercy Medical Center Merced,[],https://www.dignityhealth.org/central-california/locations/mercymedical-merced/patients-and-visitors/for-patients/billing-information,
Mercy Medical Center Redding,[],https://www.dignityhealth.org/north-state/locations/mercy-redding/patients-and-visitors/for-patients/billing-information,
Mercy San Juan Medical Center,['Sierra'],https://www.dignityhealth.org/sacramento/patients-and-visitors/for-patients/billing-information,
Methodist Hospital,"['Aetna', 'AXA ', 'Blue Shield', 'CIGNA', 'Health Net', 'National Health', 'United HealthCare']",https://www.houstonmethodist.org/locations/texas-medical-center/for-patients/insurances-accepted/,
Methodist Hospital of Sacramento,['Sierra'],https://www.dignityhealth.org/sacramento/locations/methodist-hospital-of-sacramento,
Mills-Peninsula Medical Center,"['Aetna', 'Anthem Blue', 'Blue Shield', 'CIGNA', 'Health Net', 'Sutter Health']",https://www.sutterhealth.org/health-plan/med-group/mills-peninsula-medical-group,
Mission Community Hospital,[],https://www.mchonline.org/hospital-services/inpatient-medical-detoxification-therapy/insurance/,
Mission Hospital Laguna Beach,"['Aetna', 'Anthem Blue', 'Blue Shield', 'CIGNA', 'Health Net']",https://www.providence.org/locations/mission-hospital-mission-viejo/patients-and-visitors/accepted-insurance,
Mission Hospital Mission Viejo,"['Aetna', 'Anthem Blue', 'Blue Shield', 'CIGNA', 'Health Net']",https://www.providence.org/locations/mission-hospital-mission-viejo/patients-and-visitors/accepted-insurance,
Modesto Medical Center,"['Aetna', 'Blue Shield', 'CIGNA', 'Health Net', 'United HealthCare']",https://www.dmc-modesto.com/patients/insurances-accepted,
Montclair Hospital Medical Center,"['Aetna', 'Health Net', 'United HealthCare']",https://www.montclair-hospital.org/patients-visitors/insurance-details/,
Monterey Park Hospital,"['Aetna', 'Blue Shield', 'Health Net']",https://www.montereyparkhosp.com/Patients-Visitors/Health-Plans.aspx,
Moreno Valley Medical Center,['Kaiser'],https://healthy.kaiserpermanente.org/southern-california/facilities/moreno-valley-medical-center-300019,
Natividad Medical Center,[],https://www.natividad.com/insurance-and-billing/,
Naval Health Clinic Lemoore,[],https://health.mil/Military-Health-Topics/Access-Cost-Quality-and-Safety/Patient-Portal-for-MHS-Quality-Patient-Safety-and-Access-Information/See-How-Were-Doing/Navy/NHC-LEMOORE?DmisId=0028,
Naval Hospital Camp Pendleton,['Mony'],https://camp-pendleton.tricare.mil/,
Naval Hospital Twentynine Palms,[],https://health.mil/Military-Health-Topics/Access-Cost-Quality-and-Safety/Patient-Portal-for-MHS-Quality-Patient-Safety-and-Access-Information/See-How-Were-Doing/Navy/NH-TWENTYNINE-PALMS?DmisId=0030,
Naval Medical Center San Diego,[],https://sandiego.tricare.mil/,
NorthBay Medical Center,"['Aetna', 'Anthem Blue', 'Blue Shield', 'CIGNA', 'Health Net', 'Kaiser', 'Omaha', 'United HealthCare']",https://www.northbay.org/choosewell/,
NorthBay VacaValley Hospital,"['Aetna', 'Anthem Blue', 'Blue Shield', 'CIGNA', 'Health Net', 'Kaiser', 'Omaha', 'United HealthCare']",https://www.northbay.org/choosewell/,
Northridge Hospital,"['Aetna', 'Anthem Blue', 'Blue Shield', 'CIGNA', 'Health Net']",https://www.google.com/search?q=Northridge+Hospital+insurance&source=hp&ei=MTytYJTtJZLH0PEPntOfsAs&iflsig=AINFCbYAAAAAYK1KQf9f6iJyCafW_ikgbUOTgyEyr6oR&oq=Northridge+Hospital+insurance&gs_lcp=Cgdnd3Mtd2l6EANQ9wFY-wJgogNoAHAAeACAAQCIAQCSAQCYAQCgAQGqAQdnd3Mtd2l6&sclient=gws-wiz&ved=0ahUKEwjUyfDdteXwAhWSIzQIHZ7pB7YQ4dUDCAk&uact=5,
Norwalk Community Hospital,"['Aetna', 'Anthem Blue', 'Blue Shield', 'CIGNA', 'Health Net']",https://www.lach-norwalk.com/patients-and-visitors/accepted-insurance/,
Novato Community Hospital,"['Aetna', 'Anthem Blue', 'Blue Shield', 'CIGNA', 'Health Net', 'Sierra', 'Sutter Health']",https://www.sutterhealth.org/health-plan/hospital/novato-community-hospital,
O'Connor Hospital,[],https://och.sccgov.org/patients-and-visitors/for-patients/Pages/Frequently-Asked-Questions.aspx,
Oak Valley Hospital,"['Aetna', 'Prudential']",https://oakvalleyhospital.com/careers/benefits/,
Oakland Medical Center,[],,
Olive View-UCLA Medical Center,N/A,https://dhs.lacounty.gov/oliveview/patient-visitors/information-about-your-bill/,
Ontario Medical Center,['Kaiser'],https://healthy.kaiserpermanente.org/southern-california/facilities/ontario-medical-center-300511,
Orange Coast Memorial Medical Center,"['Aetna', 'Anthem Blue', 'Blue Shield', 'CIGNA', 'Health Net']",https://www.memorialcare.org/patients-visitors/health-insurance-plans,
Orange County Global Medical Center,[],https://orangecountyglobalmedicalcenter.com/billing-and-payments/,
Orange County-Irvine Medical Center,[],https://www.ucihealth.org/patients-visitors/insurance,
Oroville Hospital,[],https://www.orovillehospital.com/careers/employee-benefits,
Pacifica Hospital of the Valley,[],https://pacificahospital.com/services/phv-pricing-information/,
Palmdale Regional Medical Center,"['Aetna', 'Anthem Blue', 'Blue Shield', 'CIGNA', 'Health Net', 'Kaiser', 'Sierra', 'United HealthCare']",https://www.palmdaleregional.com/patients-visitors/insurance-plans,
Palo Verde Hospital,"['Aetna', 'Blue Shield', 'Health Net']",https://www.paloverdehospital.org/122/Accepted-Health-Plans,
Palomar Medical Center Escondido,[],https://www.palomarhealth.org/patient-and-visitor-information-main/your-hospital-bill-insurance,
Palomar Medical Center Poway,[],https://www.palomarhealth.org/patient-and-visitor-information-main/your-hospital-bill-insurance,
Panorama City Medical Center,['Kaiser'],https://healthy.kaiserpermanente.org/southern-california/facilities/panorama-city-medical-center-100071,
Paradise Valley Hospital,"['Aetna', 'Anthem Blue', 'Blue Shield', 'Health Net', 'United HealthCare']",https://www.paradisevalleyhospital.net/patients-visitors/accepted-health-plans/,
Parkview Community Hospital Medical Center,"['Aetna', 'Blue Shield', 'CIGNA', 'United HealthCare']",https://www.pchmc.org/insurance-financing-options,
Patients Hospital of Redding,N/A,https://www.patientshospital.com/,
Petaluma Valley Hospital,[],https://www.providence.org/locations/norcal/petaluma-valley-hospital,
PIH Health Good Samaritan Hospital,"['Aetna', 'Anthem Blue', 'Blue Shield', 'CIGNA', 'Health Net', 'Omaha']",https://www.pihhealth.org/patients-visitors/insurance-information/,
PIH Health Hospital - Downey,"['Aetna', 'Anthem Blue', 'Blue Shield', 'CIGNA', 'Health Net', 'Omaha']",https://www.pihhealth.org/patients-visitors/insurance-information/,
PIH Health Whittier Hospital,"['Aetna', 'Anthem Blue', 'Blue Shield', 'CIGNA', 'Health Net', 'Omaha']",https://www.pihhealth.org/patients-visitors/insurance-information/,
Pioneers Memorial Hospital,['CIGNA'],https://pmhd.org/benefits/,
Placentia-Linda Hospital,"['Blue Shield', 'Health Net']",https://www.placentialinda.com/patients/insurances-accepted,
Pomona Valley Hospital Medical Center,"['Aetna', 'Anthem Blue', 'Blue Shield', 'CIGNA', 'Health Net', 'United HealthCare']",https://www.pvhmc.org/patients-visitors/financial-questions/health-plans/,
Porterville Developmental Center,"['Mony', 'Sierra']",https://www.dds.ca.gov/services/state-facilities/porterville-dc/,
Providence Cedars-Sinai Tarzana Medical Center,"['Aetna', 'Anthem Blue', 'Blue Shield', 'CIGNA', 'Health Net', 'Kaiser', 'United HealthCare']",https://www.providence.org/locations/tarzana-medical-center/patients-and-visitors/accepted-insurance,
Providence Holy Cross Medical Center,"['Aetna', 'Anthem Blue', 'Blue Shield', 'CIGNA', 'Health Net', 'Kaiser', 'United HealthCare']",https://www.providence.org/locations/holy-cross-medical-center/patients-and-visitors/accepted-insurance,
Providence Little Company of Mary Medical Center San Pedro,"['Aetna', 'Anthem Blue', 'Blue Shield', 'CIGNA', 'Kaiser', 'United HealthCare']",https://www.providence.org/locations/plcm-san-pedro/patients-and-visitors/accepted-insurances,
Providence Little Company of Mary Medical Center Torrance,"['Aetna', 'Anthem Blue', 'Blue Shield', 'CIGNA', 'Health Net', 'Kaiser', 'United HealthCare']",https://www.providence.org/locations/plcm-torrance/patients-and-visitors/accepted-insurances,
Providence Saint Joseph Medical Center,"['Aetna', 'Anthem Blue', 'Blue Shield', 'CIGNA', 'Health Net', 'Kaiser', 'United HealthCare']",https://www.providence.org/locations/saint-joseph-medical-center/patients-and-visitors/accepted-insurance,
Queen of the Valley Medical Center,[],https://www.providence.org/locations/norcal/queen-of-the-valley/for-patients-and-visitors/insurance-and-health-plans,
Rancho Los Amigos National Rehabilitation Center,N/A,https://dhs.lacounty.gov/rancho/faq/what-insurances-does-rancho-accept-what-if-im-not-insured/,
Rancho Springs Medical Center,[],https://www.ranchospringsmedcenter.com/patients-visitors/health-insurance-marketplace,
Redlands Community Hospital,[],https://www.redlandshospital.org/patients-visitors/for-patients/insurance-billing/,
Redwood City Medical Center,['Kaiser'],https://healthy.kaiserpermanente.org/northern-california/facilities/redwood-city-medical-center-100337,
Regional Medical Center of San Jose,"['Aetna', 'Anthem Blue', 'Blue Shield', 'CIGNA', 'Health Net', 'United HealthCare']",https://regionalmedicalsanjose.com/patients/accepted-insurance-plans.dot,
Richmond Medical Center,[],https://cchealth.org/centers/north-richmond.php,
Riverside Community Hospital,"['Aetna', 'Anthem Blue', 'Blue Shield', 'CIGNA', 'Health Net', 'United HealthCare']",https://riversidecommunityhospital.com/patients/accepted-insurance-plans.dot,
Riverside Medical Center,[],https://www.riversidemedicalclinic.com/patients/accepted-insurance-plans/,
Riverside University Medical Center ,[],https://www.ruhealth.org/medical-center/patients-visitors/billing-insurance,
Ronald Reagan UCLA Medical Center,"['Aetna', 'Anthem Blue', 'Blue Shield', 'CIGNA', 'Health Net']",https://www.uclahealth.org/health-plans,
Saddleback Medical Center,['Blue Shield'],https://www.memorialcare.org/health-insurance-guide,
Saint Agnes Medical Center,[],https://www.samc.com/for-patients/billing-and-financial-information/,
Saint Bernardine Medical Center,[],https://www.dignityhealth.org/socal/locations/stbernardinemedical/patients-and-visitors/for-patients/billing-and-payment,
Saint Elizabeth Community Hospital,[],https://www.dignityhealth.org/north-state/locations/stelizabethhospital/patients-and-visitors/for-patients/billing-information,
Saint Francis Medical Center,"['Aetna', 'Anthem Blue', 'Blue Shield', 'Health Net', 'United HealthCare']",https://www.dignityhealth.org/bayarea/locations/saintfrancis/patients-and-visitors/for-patients/insurance-plans-accepted,
Saint Francis Memorial Hospital,"['Aetna', 'Anthem Blue', 'Blue Shield', 'Health Net', 'United HealthCare']",https://www.dignityhealth.org/bayarea/locations/saintfrancis/patients-and-visitors/for-patients/insurance-plans-accepted,
Saint John's Pleasant Valley Hospital,[],https://www.dignityhealth.org/central-coast/locations/pleasantvalley/patients-and-visitors/for-patients/billing-and-payment,
Saint John's Regional Medical Center,[],https://www.dignityhealth.org/central-coast/locations/stjohnsregional/patients-and-visitors/for-patients/billing-and-payment,
Saint Joseph Hospital Acute Rehabilitation Unit,[],https://www.providence.org/locations/norcal/santa-rosa-memorial-hospital/acute-rehabilitation-unit,
Saint Joseph Hospital Eureka,"['Blue Shield', 'CIGNA', 'Health Net', 'United HealthCare']",https://www.providence.org/locations/norcal/st-joseph-hospital-eureka/patients-visitors/insurance-and-health-plans,
Saint Joseph Hospital Orange,"['Aetna', 'Anthem Blue', 'Blue Shield', 'CIGNA', 'Health Net', 'United HealthCare']",https://www.providence.org/locations/st-joseph-hospital-orange/patients-and-visitors/accepted-insurance,
Saint Joseph's Medical Center,[],https://www.stjosephkc.com/documents/content/SJ-Insurance-Plans-022014.1).pdf,
Saint Jude Medical Center,[],https://www.psjhmedgroups.org/Orange-County/Patients-Families/Accepted-Insurance-Plans.aspx,
Saint Louise Regional Hospital,[],https://slrh.sccgov.org/Pages/home.aspx,
Saint Mary Medical Center,"['Aetna', 'Anthem Blue', 'Blue Shield', 'Health Net', 'United HealthCare']",https://www.dignityhealth.org/bayarea/locations/stmarys/patients-and-visitors/for-patients/insurance-plans-accepted,
Saint Mary's Medical Center,"['Aetna', 'Anthem Blue', 'Blue Shield', 'Health Net', 'United HealthCare']",https://www.dignityhealth.org/bayarea/locations/stmarys/patients-and-visitors/for-patients/insurance-plans-accepted,
Saint Rose Hospital,"['Aetna', 'Anthem Blue', 'CIGNA', 'Health Net', 'United HealthCare']",https://www.strosehospital.org/patient_information_insurance,
Salinas Valley Memorial Hospital,"['Aetna', 'Anthem Blue', 'Blue Shield', 'CIGNA', 'Health Net', 'United HealthCare']",https://www.svmh.com/patients-visitors/for-patients/billing-insurance/,
San Antonio Regional Hospital ,"['Delaware', 'Kaiser', 'New York']",https://www.healthplans.com/?_ci=28106787&_ai=935424&_d=c;CQ0-3n1teJDpzIT3DJe2Z3Of47CyGNrRs9eC15gBCfND4o_E9s53QlTnZGWGZGnl4_PCyRIA&gclid=EAIaIQobChMIv5qAo7zl8AIVbiCtBh2iDwMqEAAYASABEgJZv_D_BwE,
San Dimas Community Hospital,"['Anthem Blue', 'Blue Shield', 'Health Net']",https://www.sandimashospital.com/patients-visitors/aca-insurance-information/,
San Francisco VA Medical Center,['Sierra'],https://www.sanfrancisco.va.gov/patients/billing.asp,
San Gabriel Valley Medical Center,"['Aetna', 'Anthem Blue', 'Blue Shield', 'CIGNA', 'Health Net', 'Kaiser', 'United HealthCare']",https://www.sgvmc.com/About-Us/Health-Plans.aspx,
San Gorgonio Memorial Hospital,"['Aetna', 'Blue Shield', 'CIGNA', 'Health Net', 'United HealthCare']",https://sgmh.org/insurance-information/,
San Joaquin General Hospital,[],https://www.sanjoaquingeneral.org/financial-assistance,
San Jose Medical Center Main Campus ,"['Aetna', 'Anthem Blue', 'Blue Shield', 'CIGNA', 'Health Net', 'United HealthCare']",https://regionalmedicalsanjose.com/patients/accepted-insurance-plans.dot,
San Leandro Hospital,"['Aetna', 'Anthem Blue', 'Blue Shield', 'CIGNA', 'Health Net', 'Kaiser']",http://www.alamedahealthsystem.org/health-plans/,
San Leandro Medical Center,['Kaiser'],https://healthy.kaiserpermanente.org/northern-california/facilities/san-leandro-medical-center-301981,
San Mateo Medical Center,[],https://www.smchealth.org/health-insurance,
San Rafael Medical Center,[],,
San Ramon Regional Medical Center,"['Aetna', 'Blue Shield', 'CIGNA', 'Health Net', 'National Health', 'United HealthCare']",https://www.sanramonmedctr.com/patients/insurances-accepted,
Santa Barbara Cottage Hospital,"['Aetna', 'Blue Shield', 'CIGNA', 'Health Net']",https://www.cottagehealth.org/billing/insurance-medicare-medi-cal/,
Santa Clara Medical Center,[],https://www.scfhp.com/,
Santa Clara Valley Medical Center,"['Aetna', 'Blue Shield', 'CIGNA', 'Health Net', 'Kaiser']",https://www.scvmc.org/for-providers/Pages/Outpatient-contracted-health-plans.aspx,
Santa Paula Hospital,"['Delaware', 'Kaiser', 'New York']",https://www.healthplans.com/healthcare-insurance.html?_ci=28106787&_ai=935425&_d=c;CQ0-3n1teJDpzIT3DJe2Z3Of47CyGNrRs9eC15gBCfND4o_E9s53QlTnZGWGZGnl4_PCyRIA&gclid=EAIaIQobChMI8s_ovcHl8AIVVRmtBh05xg9DEAAYASABEgJIkvD_BwE,
Santa Rosa Hospital,"['Aetna', 'Blue Shield', 'CIGNA', 'Health Net', 'United HealthCare']",https://www.providence.org/locations/norcal/santa-rosa-memorial-hospital/patients-visitors/insurance-and-health-plans,
Santa Rosa Memorial Hospital,"['Aetna', 'Blue Shield', 'CIGNA', 'Health Net', 'United HealthCare']",https://www.providence.org/locations/norcal/santa-rosa-memorial-hospital/patients-visitors/insurance-and-health-plans,
Scripps Green Hospital,"['Aetna', 'Blue Shield', 'CIGNA', 'Health Net', 'United HealthCare']",https://www.scripps.org/patients-and-visitors/health-insurance-options/health-insurance-plans-accepted-at-scripps,
Scripps Memorial Hospital Encinitas,"['Aetna', 'Blue Shield', 'CIGNA', 'Health Net', 'United HealthCare']",https://www.scripps.org/patients-and-visitors/health-insurance-options/health-insurance-plans-accepted-at-scripps,
Scripps Memorial Hospital La Jolla,"['Aetna', 'Blue Shield', 'CIGNA', 'Health Net', 'United HealthCare']",https://www.scripps.org/patients-and-visitors/health-insurance-options/health-insurance-plans-accepted-at-scripps,
Scripps Mercy Hospital Chula Vista,"['Delaware', 'Kaiser', 'New York']",https://www.healthplans.com/?_ci=28106787&_ai=935426&_d=c;CQ0-3n1teJDpzIT3DJe2Z3Of47CyGNrRs9eC15gBCfND4o_E9s53QlTnZGWGZGnl4_PCyRIA&gclid=EAIaIQobChMInpWI98Hl8AIVUBmtBh1BBg19EAAYASABEgLJJPD_BwE,
Scripps Mercy Hospital San Diego,"['Anthem Blue', 'Blue Shield']",https://www.google.com/search?q=Scripps+Mercy+Hospital+San+Diego+insurance&source=hp&ei=EEmtYNP7GY200PEPmMaZ2A8&iflsig=AINFCbYAAAAAYK1XII4563qcBGe4vISPpfDtduZ3Gq_p&oq=Scripps+Mercy+Hospital+San+Diego+insurance&gs_lcp=Cgdnd3Mtd2l6EANQ2wFYsQNg5QNoAHAAeACAAQCIAQCSAQCYAQCgAQGqAQdnd3Mtd2l6&sclient=gws-wiz&ved=0ahUKEwjTw_uAwuXwAhUNGjQIHRhjBvsQ4dUDCAk&uact=5,
Sequoia Hospital,"['Aetna', 'Anthem Blue', 'Blue Shield', 'Health Net', 'Sutter Health', 'United HealthCare']",https://www.dignityhealth.org/bayarea/locations/sequoia/patients-and-visitors/for-patients/insurance-plans-accepted,
Sharp Chula Vista Medical Center,"['Aetna', 'Anthem Blue', 'AXA ', 'Blue Shield', 'CIGNA', 'Health Net']",https://www.sharp.com/health-insurance/health-insurance-plans.cfm,
Sharp Coronado Hospital,"['Aetna', 'Anthem Blue', 'AXA ', 'Blue Shield', 'CIGNA', 'Health Net']",https://www.sharp.com/health-insurance/health-insurance-plans.cfm,
Sharp Grossmont Hospital,"['Aetna', 'Anthem Blue', 'AXA ', 'Blue Shield', 'CIGNA', 'Kaiser']",https://www.google.com/search?q=Sharp+Grossmont+Hospital+insurance&source=hp&ei=bEmtYPO9Ef6w0PEP04WO2A8&iflsig=AINFCbYAAAAAYK1XfDLINKXcK1Oq6cUd21bjMr9HUdXp&oq=Sharp+Grossmont+Hospital+insurance&gs_lcp=Cgdnd3Mtd2l6EANQhwJYzwRghQVoAHAAeACAAQCIAQCSAQCYAQCgAQGqAQdnd3Mtd2l6&sclient=gws-wiz&ved=0ahUKEwjzo-KswuXwAhV-GDQIHdOCA_sQ4dUDCAk&uact=5,
Sharp Mary Birch Hospital for Women and Newborns,[],https://www.sharp.com/hospitals/mary-birch/,
Sharp Memorial Hospital,"['Aetna', 'Anthem Blue', 'AXA ', 'Blue Shield', 'CIGNA', 'Health Net']",https://www.sharp.com/health-insurance/health-insurance-plans.cfm,
Shasta Regional Medical Center,"['Aetna', 'Anthem Blue', 'Blue Shield', 'CIGNA', 'National Health', 'United HealthCare']",https://www.shastaregional.com/patients-visitors/insurance-details/,
Sherman Oaks Hospital,"['Anthem Blue', 'Health Net']",https://www.shermanoakshospital.org/patients-visitors/aca-insurance-information/,
Sierra Nevada Memorial Hospital,"['Aetna', 'Anthem Blue', 'Blue Shield', 'Health Net', 'Sierra', 'United HealthCare']",https://www.dignityhealth.org/sacramento/medical-group/sierra-nevada/patient-resources/insurance,
Sierra View Medical Center,['Sierra'],https://www.sierra-view.com/patients-visitors-pricing-info-/patient-financial-services/,
Sierra Vista Regional Medical Center,"['Aetna', 'Blue Shield', 'CIGNA', 'Cincinnati', 'Health Net', 'Kaiser', 'Metropolitan', 'New York', 'Sierra']",https://doctor.webmd.com/practice/sierra-vista-regional-medical-center-1f1937f8-dec5-11e7-9f4c-005056a225bf-insurance,
Sonoma Specialty Hospital,[],https://sonomawestfoundation.org/sonoma-specialty-hospital/,
Sonoma Valley Hospital,['Health Net'],https://www.sonomavalleyhospital.org/patients-visitors/billing-insurance-financial-assistance/,
South Bay Medical Center,[],https://sbhis.net/,
South Coast Global Medical Center,[],https://southcoastglobalmedicalcenter.com/,
South Sacramento Medical Center,['Kaiser'],https://healthy.kaiserpermanente.org/northern-california/facilities/south-sacramento-medical-center-100320,
Southern California Hospital at Culver City,"['Aetna', 'Anthem Blue', 'Blue Shield', 'CIGNA', 'Health Net']",https://www.sch-culvercity.com/patients-and-visitors/accepted-insurance/,
Southern California Hospital at Hollywood,"['Aetna', 'Anthem Blue', 'Blue Shield', 'CIGNA', 'Health Net', 'Kaiser', 'United HealthCare']",https://www.sch-hollywood.com/patients--visitors/accepted-insurance/,
Stanford Health - ValleyCare - Pleasanton,"['Aetna', 'Anthem Blue', 'Blue Shield', 'CIGNA', 'Health Net', 'United HealthCare']",https://www.valleycare.com/patients-and-visitors/financial-services/insurance/,
Stanford Health Care - ValleyCare-Livermore,"['Aetna', 'Anthem Blue', 'Blue Shield', 'CIGNA', 'Health Net', 'United HealthCare']",https://www.valleycare.com/patients-and-visitors/financial-services/insurance/,
Stanford Hospital,"['Delaware', 'Kaiser', 'New York']",https://www.healthplans.com/healthcare-insurance.html?_ci=28106787&_ai=935425&_d=c;CQ0-3n1teJDpzIT3DJe2Z3Of47CyGNrRs9eC15gBCfND4o_E9s53QlTnZGWGZGnl4_PCyRIA&gclid=EAIaIQobChMIl9iP7sPl8AIVfT6tBh1A6g34EAAYASABEgJ2APD_BwE,
Stanislaus Surgical Hospital,[],https://stanislaussurgical.com/patients/insurances-accepted/,
Sutter Amador Hospital,"['Aetna', 'Anthem Blue', 'Blue Shield', 'CIGNA', 'Health Net', 'Sierra', 'Sutter Health']",https://www.sutterhealth.org/health-plan/hospital/sutter-amador-hospital,
Sutter Auburn Faith Hospital,"['Aetna', 'Anthem Blue', 'Blue Shield', 'CIGNA', 'Health Net', 'Sierra', 'Sutter Health']",https://www.sutterhealth.org/health-plan/hospital/sutter-auburn-faith-hospital,
Sutter Coast Hospital,"['Aetna', 'Anthem Blue', 'Blue Shield', 'CIGNA', 'Health Net', 'Sierra', 'Sutter Health']",https://www.sutterhealth.org/health-plan/hospital/sutter-coast-hospital,
Sutter Davis Hospital,"['Aetna', 'Anthem Blue', 'Blue Shield', 'CIGNA', 'Health Net', 'Sierra', 'Sutter Health']",https://www.sutterhealth.org/health-plan/hospital/sutter-davis-hospital,
Sutter Delta Medical Center,"['Aetna', 'Anthem Blue', 'Blue Shield', 'CIGNA', 'Health Net', 'Sierra', 'Sutter Health']",https://www.sutterhealth.org/health-plan/hospital/sutter-delta-medical-center,
Sutter Maternity and Surgery Center of Santa Cruz,"['Aetna', 'Anthem Blue', 'Blue Shield', 'CIGNA', 'Health Net', 'Sierra', 'Sutter Health']",https://www.sutterhealth.org/health-plan/hospital/sutter-maternity-surgery-center-of-santa-cruz,
Sutter Medical Center,"['Aetna', 'Anthem Blue', 'Blue Shield', 'CIGNA', 'Health Net', 'Sutter Health']",https://www.sutterhealth.org/health-plan,
Sutter Roseville Medical Center,"['Aetna', 'Anthem Blue', 'Blue Shield', 'CIGNA', 'Health Net', 'Sierra', 'Sutter Health']",https://www.sutterhealth.org/health-plan/hospital/sutter-roseville-medical-center,
Sutter Santa Rosa Regional Hospital,"['Aetna', 'Anthem Blue', 'Blue Shield', 'CIGNA', 'Health Net', 'Sierra', 'Sutter Health']",https://www.sutterhealth.org/health-plan/hospital/sutter-santa-rosa-regional-hospital,
Sutter Solano Medical Center,"['Aetna', 'Anthem Blue', 'Blue Shield', 'CIGNA', 'Health Net', 'Sierra', 'Sutter Health']",https://www.sutterhealth.org/health-plan/hospital/sutter-solano-medical-center,
Sutter Surgical Hospital North Valley,"['Aetna', 'Anthem Blue', 'Blue Shield', 'CIGNA', 'Health Net', 'Sierra', 'Sutter Health']",https://www.sutterhealth.org/health-plan/hospital/sutter-surgical-hospital-north-valley,
Sutter Tracy Community Hospital,"['Aetna', 'Anthem Blue', 'Blue Shield', 'CIGNA', 'Health Net', 'Sierra', 'Sutter Health']",https://www.sutterhealth.org/health-plan/hospital/sutter-tracy-community-hospital,
Temecula Valley Hospital,"['Aetna', 'Blue Shield', 'CIGNA', 'Health Net', 'Kaiser', 'United HealthCare']",https://www.temeculavalleyhospital.com/patients-visitors/insurance-plans,
Thousand Oaks Surgical Hospital,N/A,https://tosurgerycenter.com/patient-resources/insurance-billing/,
Torrance Memorial Medical Center,"['Aetna', 'Blue Shield', 'CIGNA', 'Health Net', 'United HealthCare']",https://www.torrancememorial.org/Patient_Resources/Billing_Insurance/Accepted_Insurances.aspx,
Tri-City Medical Center,[],https://www.tricitymed.org/patients-visitors/patient-services/accepted-insurance-plans-list/,
Twin Cities Community Hospital,[],https://www.cencalhealth.org/locations/templeton/twin-cities-community-hospital-1100-las-tablas-rd-templeton-93465/,
UC Davis Medical Center,"['Aetna', 'Anthem Blue', 'Blue Shield', 'CIGNA', 'Health Net', 'Kaiser', 'United HealthCare']",https://health.ucdavis.edu/medicalcenter/accepted_health_plans.html,
UC San Diego Medical Center,"['Aetna', 'Anthem Blue', 'AXA ', 'Blue Shield', 'CIGNA', 'Health Net', 'Mony', 'National Health']",https://health.ucsd.edu/patients/billing/insurance/pages/default.aspx,
UCI Health,"['Anthem Blue', 'Guardian']",https://shc.uci.edu/insurance,
UCLA Mattel Children's Hospital,"['Aetna', 'Anthem Blue', 'Blue Shield', 'CIGNA', 'Health Net']",https://www.uclahealth.org/health-plans,
UCLA Santa Monica Medical Center,"['Aetna', 'Anthem Blue', 'Blue Shield', 'CIGNA', 'Health Net']",https://www.uclahealth.org/health-plans,
UCSF Betty Irene Moore Women's Hospital,[],http://www.ucsfmissionbayhospitals.org/women/,
UCSF Helen Diller Medical Center at Parnassus Heights,[],https://www.ucsfhealth.org/locations/parnassus,
UCSF Medical Center at Mission Bay ,"['Aetna', 'Anthem Blue', 'Blue Shield', 'CIGNA', 'Health Net', 'Kaiser', 'United HealthCare']",https://www.ucsfhealth.org/billing-and-insurance/health-insurance,
USC Norris Comprehensive Cancer Center,[],https://cancer.keckmedicine.org/patients/patient-resources/billing-and-insurance/,
USC Verdugo Hills Hospital,[],https://uscvhh.org/hospital-pricing-information,
VA Central California Health Care System,"['Sierra', 'United States']",https://www.fresno.va.gov/,
VA Greater Los Angeles Healthcare System - West Los Angeles Medical Center,[],https://www.losangeles.va.gov/patients/billing.asp,
VA Loma Linda Healthcare System,[],https://www.lomalinda.va.gov/patients/billing.asp,
VA Long Beach Healthcare System ,[],https://www.longbeach.va.gov/patients/billing.asp,
VA Northern California Health Care System - Valley Division - Sacramento VA Medical Center,['Sierra'],https://www.northerncalifornia.va.gov/,
VA Palo Alto Health Care System - Palo Alto Division,['Sierra'],https://www.paloalto.va.gov/,
VA San Diego Healthcare System,[],https://www.sandiego.va.gov/patients/billing.asp,
Vacaville Medical Center,"['Aetna', 'Anthem Blue', 'Blue Shield', 'CIGNA', 'United HealthCare']",https://www.northbay.org/urgent-care/billing.cfm,
Vallejo Hospital & Medical Offices,['Kaiser'],https://healthy.kaiserpermanente.org/northern-california/facilities/vallejo-medical-center-100316,
Valley Presbyterian Hospital,"['Aetna', 'Anthem Blue', 'Blue Shield', 'CIGNA', 'Health Net', 'United HealthCare']",https://www.valleypres.org/For-Patients/Billing-Insurance-Payments-Cost-of-Care/Insurance/Insurance-Options.aspx,
Ventura County Medical Center,[],http://www.vchealthcareplan.org/,
Victor Valley Global Medical Center,[],https://victorvalleyglobalmedicalcenter.com/billing-and-payments/,
Walnut Creek Medical Center,"['Aetna', 'Anthem Blue', 'Blue Shield', 'CIGNA', 'Health Net', 'Kaiser', 'Mony', 'Sutter Health', 'United HealthCare']",https://www.johnmuirhealth.com/patients-and-visitors/payment-and-insurance.html,
Walnut Creek Medical Center ,"['Aetna', 'Anthem Blue', 'Blue Shield', 'CIGNA', 'Health Net', 'Kaiser', 'Mony', 'Sutter Health', 'United HealthCare']",https://www.johnmuirhealth.com/patients-and-visitors/payment-and-insurance.html,
Washington Hospital,"['Delaware', 'Kaiser', 'New York']",https://www.healthplans.com/?_ci=28106787&_ai=935424&_d=c;CQ0-3n1teJDpzIT3DJe2Z3Of47CyGNrRs9eC15gBCfND4o_E9s53QlTnZGWGZGnl4_PCyRIA&gclid=EAIaIQobChMIkprfq8fl8AIVIB-tBh10ugftEAAYASABEgKpNvD_BwE,
Watsonville Community Hospital,[],https://watsonvillehospital.com/billing-and-insurance/,
Weed Army Community Hospital,[],https://www.health.mil/Military-Health-Topics/Access-Cost-Quality-and-Safety/Patient-Portal-for-MHS-Quality-Patient-Safety-and-Access-Information/See-How-Were-Doing/Army/ACH-WEED-IRWIN,
West Anaheim Medical Center,[],https://www.westanaheimmedctr.com/patients-visitors/financial-assistance/,
West Covina Medical Center,"['Aetna', 'Blue Shield', 'CIGNA', 'Health Net']",https://www.westcovinafamilymedical.com/health-insurance/,
West Hills Hospital & Medical Center,"['Aetna', 'Anthem Blue', 'Blue Shield', 'CIGNA', 'Health Net', 'Kaiser', 'United HealthCare']",https://westhillshospital.com/patients/accepted-insurance-plans.dot,
West Los Angeles Medical Center,['Kaiser'],https://healthy.kaiserpermanente.org/southern-california/facilities/west-los-angeles-medical-center-100028,
Whittier Hospital Medical Center,"['Aetna', 'Blue Shield', 'United HealthCare']",https://www.whittierhospital.com/Patients-Visitors/Health-Plans.aspx,
Woodland Memorial Hospital,['Sierra'],https://www.dignityhealth.org/sacramento/locations/woodland-memorial-hospital,
Zuckerberg San Francisco General Hospital and Trauma Center,['Health Net'],https://zuckerbergsanfranciscogeneral.org/patient-visitor-resources/billing-insurance/,
